index,가게명,음식종류,태그리뷰
0,육쌈냉면 숙대점,냉면,"[{'""음식이 맛있어요""': 419}, {'""가성비가 좋아요""': 165}, {'""혼밥하기 좋아요""': 125}, {'""친절해요""': 64}, {'""양이 많아요""': 64}, {'""재료가 신선해요""': 44}, {'""특별한 메뉴가 있어요""': 32}, {'""매장이 넓어요""': 29}, {'""매장이 청결해요""': 17}, {'""인테리어가 멋져요""': 9}, {'""특별한 날 가기 좋아요""': 6}, {'""단체모임 하기 좋아요""': 6}, {'""메뉴 구성이 알차요""': 3}, {'""아늑해요""': 2}, {'""음식이 빨리 나와요""': 2}, {'""주차하기 편해요""': 2}, {'""화장실이 깨끗해요""': 2}, {'""뷰가 좋아요""': 2}, {'""음료가 맛있어요""': 1}, {'""아이와 가기 좋아요""': 1}, {'""잡내가 적어요""': 1}, {'""반려동물과 가기 좋아요""': 1}, {'""룸이 잘 되어있어요""': 1}, {'""오래 머무르기 좋아요""': 1}, {'""환기가 잘 돼요""': 1}]"
1,장재근초밥,"초밥,롤","[{'""음식이 맛있어요""': 96}, {'""재료가 신선해요""': 56}, {'""친절해요""': 40}, {'""매장이 청결해요""': 26}, {'""가성비가 좋아요""': 24}, {'""특별한 메뉴가 있어요""': 21}, {'""혼밥하기 좋아요""': 16}, {'""양이 많아요""': 13}, {'""특별한 날 가기 좋아요""': 10}, {'""단체모임 하기 좋아요""': 8}, {'""화장실이 깨끗해요""': 4}, {'""차분한 분위기에요""': 3}, {'""주차하기 편해요""': 3}, {'""매장이 넓어요""': 3}, {'""코스요리가 알차요""': 2}, {'""인테리어가 멋져요""': 2}, {'""메뉴 구성이 알차요""': 2}, {'""비싼 만큼 가치있어요""': 2}, {'""룸이 잘 되어있어요""': 2}, {'""반찬이 잘 나와요""': 1}, {'""대화하기 좋아요""': 1}, {'""건강한 맛이에요""': 1}]"
2,면식당 숙명여대점,일식당,"[{'""음식이 맛있어요""': 373}, {'""혼밥하기 좋아요""': 188}, {'""매장이 넓어요""': 157}, {'""재료가 신선해요""': 153}, {'""양이 많아요""': 151}, {'""매장이 청결해요""': 131}, {'""친절해요""': 128}, {'""가성비가 좋아요""': 126}, {'""인테리어가 멋져요""': 96}, {'""특별한 메뉴가 있어요""': 68}, {'""메뉴 구성이 알차요""': 48}, {'""음식이 빨리 나와요""': 14}, {'""아늑해요""': 11}, {'""대화하기 좋아요""': 11}, {'""화장실이 깨끗해요""': 10}, {'""차분한 분위기에요""': 9}, {'""단체모임 하기 좋아요""': 9}, {'""반찬이 잘 나와요""': 7}, {'""음악이 좋아요""': 5}, {'""건강한 맛이에요""': 5}, {'""좌석이 편해요""': 4}, {'""잡내가 적어요""': 3}, {'""사진이 잘 나와요""': 3}, {'""아이와 가기 좋아요""': 2}, {'""현지 맛에 가까워요""': 2}, {'""고기 질이 좋아요""': 2}, {'""샐러드바가 잘 되어있어요""': 2}, {'""혼술하기 좋아요""': 1}, {'""비싼 만큼 가치있어요""': 1}, {'""향신료가 강하지 않아요""': 1}, {'""오래 머무르기 좋아요""': 1}, {'""뷰가 좋아요""': 1}]"
3,포라임 숙대본점,베트남음식,"[{'""음식이 맛있어요""': 869}, {'""혼밥하기 좋아요""': 419}, {'""친절해요""': 328}, {'""재료가 신선해요""': 327}, {'""가성비가 좋아요""': 307}, {'""양이 많아요""': 276}, {'""매장이 청결해요""': 178}, {'""매장이 넓어요""': 128}, {'""메뉴 구성이 알차요""': 85}, {'""인테리어가 멋져요""': 76}, {'""현지 맛에 가까워요""': 67}, {'""특별한 메뉴가 있어요""': 36}, {'""아늑해요""': 33}, {'""음식이 빨리 나와요""': 23}, {'""단체모임 하기 좋아요""': 23}, {'""향신료가 강하지 않아요""': 22}, {'""건강한 맛이에요""': 21}, {'""뷰가 좋아요""': 16}, {'""차분한 분위기에요""': 10}, {'""화장실이 깨끗해요""': 10}, {'""좌석이 편해요""': 7}, {'""아이와 가기 좋아요""': 4}, {'""특별한 날 가기 좋아요""': 3}, {'""주차하기 편해요""': 2}, {'""야외공간이 멋져요""': 1}, {'""룸이 잘 되어있어요""': 1}, {'""오래 머무르기 좋아요""': 1}]"
4,베스트프렌드,종합분식,"[{'""음식이 맛있어요""': 91}, {'""인테리어가 멋져요""': 38}, {'""친절해요""': 35}, {'""가성비가 좋아요""': 21}, {'""특별한 메뉴가 있어요""': 14}, {'""양이 많아요""': 12}, {'""재료가 신선해요""': 10}, {'""매장이 넓어요""': 8}, {'""매장이 청결해요""': 6}, {'""아늑해요""': 3}, {'""특별한 날 가기 좋아요""': 3}, {'""단체모임 하기 좋아요""': 3}, {'""컨셉이 독특해요""': 2}, {'""뷰가 좋아요""': 2}, {'""혼밥하기 좋아요""': 1}, {'""주차하기 편해요""': 1}, {'""룸이 잘 되어있어요""': 1}, {'""대화하기 좋아요""': 1}, {'""화장실이 깨끗해요""': 1}]"
5,달볶이,달볶이,"[{'""음식이 맛있어요""': 330}, {'""가성비가 좋아요""': 179}, {'""혼밥하기 좋아요""': 128}, {'""양이 많아요""': 121}, {'""친절해요""': 119}, {'""재료가 신선해요""': 35}, {'""특별한 메뉴가 있어요""': 22}, {'""매장이 청결해요""': 16}, {'""음식이 빨리 나와요""': 10}, {'""메뉴 구성이 알차요""': 6}, {'""아늑해요""': 5}, {'""인테리어가 멋져요""': 4}, {'""뷰가 좋아요""': 4}, {'""특별한 날 가기 좋아요""': 3}, {'""음악이 좋아요""': 1}, {'""포장이 깔끔해요""': 1}, {'""주차하기 편해요""': 1}, {'""매장이 넓어요""': 1}, {'""단체모임 하기 좋아요""': 1}, {'""화장실이 깨끗해요""': 1}]"
6,포36거리 숙대점,베트남음식,"[{'""음식이 맛있어요""': 254}, {'""친절해요""': 142}, {'""가성비가 좋아요""': 103}, {'""양이 많아요""': 89}, {'""혼밥하기 좋아요""': 65}, {'""재료가 신선해요""': 57}, {'""특별한 메뉴가 있어요""': 35}, {'""매장이 청결해요""': 24}, {'""뷰가 좋아요""': 7}, {'""인테리어가 멋져요""': 4}, {'""매장이 넓어요""': 4}, {'""메뉴 구성이 알차요""': 3}, {'""단체모임 하기 좋아요""': 3}, {'""화장실이 깨끗해요""': 3}, {'""현지 맛에 가까워요""': 2}, {'""향신료가 강하지 않아요""': 2}, {'""좌석이 편해요""': 1}, {'""특별한 날 가기 좋아요""': 1}]"
7,사이공마켓 숙대점,베트남음식,"[{'""음식이 맛있어요""': 130}, {'""친절해요""': 47}, {'""가성비가 좋아요""': 38}, {'""혼밥하기 좋아요""': 31}, {'""양이 많아요""': 29}, {'""인테리어가 멋져요""': 26}, {'""재료가 신선해요""': 25}, {'""특별한 메뉴가 있어요""': 13}, {'""현지 맛에 가까워요""': 9}, {'""컨셉이 독특해요""': 5}, {'""매장이 청결해요""': 5}, {'""아늑해요""': 4}, {'""매장이 넓어요""': 3}, {'""차분한 분위기에요""': 2}, {'""특별한 날 가기 좋아요""': 2}, {'""화장실이 깨끗해요""': 2}, {'""음식이 빨리 나와요""': 1}, {'""단체모임 하기 좋아요""': 1}, {'""뷰가 좋아요""': 1}]"
8,빨봉분식 숙명여대점,분식,"[{'""음식이 맛있어요""': 206}, {'""친절해요""': 99}, {'""가성비가 좋아요""': 90}, {'""양이 많아요""': 79}, {'""혼밥하기 좋아요""': 65}, {'""매장이 청결해요""': 47}, {'""재료가 신선해요""': 31}, {'""특별한 메뉴가 있어요""': 28}, {'""매장이 넓어요""': 25}, {'""인테리어가 멋져요""': 7}, {'""단체모임 하기 좋아요""': 4}, {'""화장실이 깨끗해요""': 3}, {'""특별한 날 가기 좋아요""': 2}, {'""뷰가 좋아요""': 2}, {'""메뉴 구성이 알차요""': 1}, {'""샐러드바가 잘 되어있어요""': 1}, {'""반찬이 잘 나와요""': 1}, {'""대화하기 좋아요""': 1}]"
9,아리랑노점 숙대점,"도시락,컵밥","[{'""음식이 맛있어요""': 165}, {'""가성비가 좋아요""': 139}, {'""혼밥하기 좋아요""': 116}, {'""친절해요""': 87}, {'""양이 많아요""': 61}, {'""재료가 신선해요""': 40}, {'""특별한 메뉴가 있어요""': 26}, {'""매장이 청결해요""': 14}, {'""건강한 맛이에요""': 7}, {'""음식이 빨리 나와요""': 2}, {'""특별한 날 가기 좋아요""': 2}, {'""화장실이 깨끗해요""': 2}, {'""인테리어가 멋져요""': 1}, {'""매장이 넓어요""': 1}, {'""단체모임 하기 좋아요""': 1}, {'""뷰가 좋아요""': 1}]"
10,버스컵떡볶이,떡볶이,"[{'""음식이 맛있어요""': 93}, {'""혼밥하기 좋아요""': 49}, {'""가성비가 좋아요""': 40}, {'""친절해요""': 28}, {'""특별한 메뉴가 있어요""': 22}, {'""재료가 신선해요""': 13}, {'""매장이 청결해요""': 11}, {'""양이 많아요""': 9}, {'""매장이 넓어요""': 6}, {'""인테리어가 멋져요""': 4}, {'""메뉴 구성이 알차요""': 2}, {'""뷰가 좋아요""': 2}, {'""아늑해요""': 1}, {'""음식이 빨리 나와요""': 1}, {'""대화하기 좋아요""': 1}, {'""단체모임 하기 좋아요""': 1}]"
11,앙꼬,"카페,디저트",[]
12,루다브레드,베이커리,"[{'""빵이 맛있어요""': 247}, {'""친절해요""': 119}, {'""특별한 메뉴가 있어요""': 59}, {'""매장이 청결해요""': 59}, {'""가성비가 좋아요""': 57}, {'""커피가 맛있어요""': 33}, {'""음료가 맛있어요""': 19}, {'""인테리어가 멋져요""': 19}, {'""대화하기 좋아요""': 11}, {'""집중하기 좋아요""': 9}, {'""건강한 맛이에요""': 8}, {'""좌석이 편해요""': 6}, {'""아늑해요""': 5}, {'""디저트가 맛있어요""': 5}, {'""음식이 맛있어요""': 5}, {'""종류가 다양해요""': 4}, {'""사진이 잘 나와요""': 3}, {'""뷰가 좋아요""': 2}, {'""혼밥하기 좋아요""': 1}, {'""메뉴 구성이 알차요""': 1}, {'""비싼 만큼 가치있어요""': 1}, {'""매장이 넓어요""': 1}, {'""화장실이 깨끗해요""': 1}]"
13,컴포즈커피 숙명여대점,카페,"[{'""커피가 맛있어요""': 320}, {'""가성비가 좋아요""': 196}, {'""음료가 맛있어요""': 150}, {'""친절해요""': 88}, {'""디저트가 맛있어요""': 58}, {'""매장이 청결해요""': 46}, {'""특별한 메뉴가 있어요""': 37}, {'""집중하기 좋아요""': 13}, {'""인테리어가 멋져요""': 12}, {'""대화하기 좋아요""': 9}, {'""메뉴 구성이 알차요""': 5}, {'""좌석이 편해요""': 4}, {'""사진이 잘 나와요""': 3}, {'""매장이 넓어요""': 3}, {'""화장실이 깨끗해요""': 3}, {'""뷰가 좋아요""': 3}, {'""아늑해요""': 2}, {'""음식이 맛있어요""': 2}, {'""차분한 분위기에요""': 1}, {'""컨셉이 독특해요""': 1}, {'""혼술하기 좋아요""': 1}, {'""혼밥하기 좋아요""': 1}, {'""아이와 가기 좋아요""': 1}, {'""양이 많아요""': 1}, {'""포장이 깔끔해요""': 1}, {'""주차하기 편해요""': 1}, {'""차가 맛있어요""': 1}, {'""단체모임 하기 좋아요""': 1}]"
14,벤티프레소 숙명여대점,카페,"[{'""커피가 맛있어요""': 73}, {'""가성비가 좋아요""': 49}, {'""음료가 맛있어요""': 37}, {'""디저트가 맛있어요""': 33}, {'""특별한 메뉴가 있어요""': 14}, {'""친절해요""': 10}, {'""매장이 청결해요""': 9}, {'""대화하기 좋아요""': 5}, {'""인테리어가 멋져요""': 4}, {'""아늑해요""': 2}, {'""음식이 빨리 나와요""': 2}, {'""빵이 맛있어요""': 1}, {'""좌석이 편해요""': 1}, {'""음식이 맛있어요""': 1}, {'""아이와 가기 좋아요""': 1}, {'""포장이 깔끔해요""': 1}, {'""사진이 잘 나와요""': 1}, {'""집중하기 좋아요""': 1}, {'""종류가 다양해요""': 1}]"
15,샐러디 숙명여대점,"다이어트,샐러드","[{'""음식이 맛있어요""': 171}, {'""재료가 신선해요""': 136}, {'""혼밥하기 좋아요""': 75}, {'""가성비가 좋아요""': 61}, {'""건강한 맛이에요""': 56}, {'""매장이 청결해요""': 29}, {'""특별한 메뉴가 있어요""': 28}, {'""친절해요""': 27}, {'""양이 많아요""': 22}, {'""메뉴 구성이 알차요""': 8}, {'""아늑해요""': 5}, {'""인테리어가 멋져요""': 5}, {'""음식이 빨리 나와요""': 2}, {'""차분한 분위기에요""': 1}, {'""매장이 넓어요""': 1}]"
16,네코노스시,"초밥,롤","[{'""음식이 맛있어요""': 369}, {'""가성비가 좋아요""': 241}, {'""양이 많아요""': 194}, {'""재료가 신선해요""': 177}, {'""혼밥하기 좋아요""': 159}, {'""친절해요""': 132}, {'""인테리어가 멋져요""': 121}, {'""특별한 메뉴가 있어요""': 88}, {'""메뉴 구성이 알차요""': 55}, {'""매장이 청결해요""': 49}, {'""아늑해요""': 30}, {'""컨셉이 독특해요""': 19}, {'""매장이 넓어요""': 12}, {'""특별한 날 가기 좋아요""': 11}, {'""단체모임 하기 좋아요""': 9}, {'""대화하기 좋아요""': 5}, {'""건강한 맛이에요""': 4}, {'""뷰가 좋아요""': 4}, {'""반찬이 잘 나와요""': 3}, {'""차분한 분위기에요""': 2}, {'""사진이 잘 나와요""': 2}, {'""화장실이 깨끗해요""': 2}, {'""술이 다양해요""': 1}, {'""좌석이 편해요""': 1}, {'""코스요리가 알차요""': 1}, {'""음료가 맛있어요""': 1}, {'""음식이 빨리 나와요""': 1}, {'""주차하기 편해요""': 1}]"
17,마포구이마당 숙대직영점,돼지고기구이,"[{'""음식이 맛있어요""': 145}, {'""가성비가 좋아요""': 65}, {'""친절해요""': 61}, {'""양이 많아요""': 44}, {'""매장이 넓어요""': 38}, {'""혼밥하기 좋아요""': 25}, {'""단체모임 하기 좋아요""': 25}, {'""고기 질이 좋아요""': 23}, {'""재료가 신선해요""': 14}, {'""특별한 메뉴가 있어요""': 14}, {'""매장이 청결해요""': 13}, {'""직접 잘 구워줘요""': 8}, {'""주차하기 편해요""': 3}, {'""화장실이 깨끗해요""': 3}, {'""인테리어가 멋져요""': 2}, {'""반찬이 잘 나와요""': 2}, {'""특별한 날 가기 좋아요""': 2}]"
18,정,중식당,"[{'""음식이 맛있어요""': 640}, {'""특별한 메뉴가 있어요""': 217}, {'""친절해요""': 186}, {'""재료가 신선해요""': 123}, {'""가성비가 좋아요""': 117}, {'""양이 많아요""': 98}, {'""혼밥하기 좋아요""': 68}, {'""단체모임 하기 좋아요""': 51}, {'""매장이 넓어요""': 49}, {'""매장이 청결해요""': 49}, {'""특별한 날 가기 좋아요""': 23}, {'""음식이 빨리 나와요""': 13}, {'""인테리어가 멋져요""': 13}, {'""화장실이 깨끗해요""': 7}, {'""메뉴 구성이 알차요""': 4}, {'""대화하기 좋아요""': 4}, {'""차분한 분위기에요""': 3}, {'""주차하기 편해요""': 3}, {'""건강한 맛이에요""': 3}, {'""뷰가 좋아요""': 3}, {'""아늑해요""': 2}, {'""커피가 맛있어요""': 1}, {'""컨셉이 독특해요""': 1}, {'""디저트가 맛있어요""': 1}, {'""음료가 맛있어요""': 1}, {'""아이와 가기 좋아요""': 1}, {'""잡내가 적어요""': 1}, {'""고기 질이 좋아요""': 1}, {'""비싼 만큼 가치있어요""': 1}]"
19,지지고 숙명여대점,"도시락,컵밥","[{'""음식이 맛있어요""': 403}, {'""가성비가 좋아요""': 296}, {'""양이 많아요""': 202}, {'""혼밥하기 좋아요""': 193}, {'""재료가 신선해요""': 84}, {'""친절해요""': 74}, {'""특별한 메뉴가 있어요""': 64}, {'""매장이 청결해요""': 14}, {'""음식이 빨리 나와요""': 7}, {'""메뉴 구성이 알차요""': 4}, {'""포장이 깔끔해요""': 3}, {'""주차하기 편해요""': 2}, {'""특별한 날 가기 좋아요""': 2}, {'""단체모임 하기 좋아요""': 2}, {'""아늑해요""': 1}, {'""인테리어가 멋져요""': 1}, {'""매장이 넓어요""': 1}, {'""직접 잘 구워줘요""': 1}, {'""뷰가 좋아요""': 1}]"
20,이삭토스트 숙명여대점,토스트,"[{'""음식이 맛있어요""': 320}, {'""친절해요""': 175}, {'""가성비가 좋아요""': 162}, {'""음식이 빨리 나와요""': 87}, {'""재료가 신선해요""': 84}, {'""혼밥하기 좋아요""': 51}, {'""특별한 메뉴가 있어요""': 36}, {'""매장이 청결해요""': 32}, {'""양이 많아요""': 26}, {'""메뉴 구성이 알차요""': 7}, {'""건강한 맛이에요""': 4}, {'""뷰가 좋아요""': 2}, {'""인테리어가 멋져요""': 1}, {'""단체모임 하기 좋아요""': 1}, {'""화장실이 깨끗해요""': 1}]"
21,리또리또 숙대점,"멕시코,남미음식","[{'""음식이 맛있어요""': 443}, {'""가성비가 좋아요""': 232}, {'""혼밥하기 좋아요""': 194}, {'""양이 많아요""': 192}, {'""친절해요""': 158}, {'""특별한 메뉴가 있어요""': 77}, {'""재료가 신선해요""': 69}, {'""뷰가 좋아요""': 19}, {'""매장이 청결해요""': 13}, {'""음식이 빨리 나와요""': 5}, {'""특별한 날 가기 좋아요""': 5}, {'""인테리어가 멋져요""': 4}, {'""건강한 맛이에요""': 4}, {'""메뉴 구성이 알차요""': 3}, {'""매장이 넓어요""': 3}, {'""단체모임 하기 좋아요""': 2}, {'""주차하기 편해요""': 1}, {'""사진이 잘 나와요""': 1}, {'""향신료가 강하지 않아요""': 1}, {'""화장실이 깨끗해요""': 1}]"
22,위드달걀빵,베이커리,"[{'""빵이 맛있어요""': 153}, {'""특별한 메뉴가 있어요""': 86}, {'""친절해요""': 69}, {'""매장이 청결해요""': 60}, {'""커피가 맛있어요""': 49}, {'""인테리어가 멋져요""': 42}, {'""음료가 맛있어요""': 32}, {'""가성비가 좋아요""': 31}, {'""대화하기 좋아요""': 22}, {'""사진이 잘 나와요""': 13}, {'""좌석이 편해요""': 12}, {'""화장실이 깨끗해요""': 10}, {'""음식이 맛있어요""': 5}, {'""집중하기 좋아요""': 5}, {'""뷰가 좋아요""': 5}, {'""디저트가 맛있어요""': 3}, {'""아늑해요""': 2}, {'""차분한 분위기에요""': 1}, {'""컨셉이 독특해요""': 1}, {'""혼밥하기 좋아요""': 1}, {'""음식이 빨리 나와요""': 1}, {'""재료가 신선해요""': 1}, {'""아이와 가기 좋아요""': 1}, {'""메뉴 구성이 알차요""': 1}, {'""주차하기 편해요""': 1}, {'""반려동물과 가기 좋아요""': 1}, {'""매장이 넓어요""': 1}]"
23,미스터카츠 숙대입구점,돈가스,"[{'""음식이 맛있어요""': 638}, {'""혼밥하기 좋아요""': 300}, {'""양이 많아요""': 240}, {'""친절해요""': 214}, {'""가성비가 좋아요""': 201}, {'""재료가 신선해요""': 172}, {'""매장이 청결해요""': 114}, {'""특별한 메뉴가 있어요""': 67}, {'""뷰가 좋아요""': 51}, {'""인테리어가 멋져요""': 46}, {'""매장이 넓어요""': 26}, {'""아늑해요""': 24}, {'""메뉴 구성이 알차요""': 21}, {'""단체모임 하기 좋아요""': 11}, {'""차분한 분위기에요""': 10}, {'""화장실이 깨끗해요""': 8}, {'""음식이 빨리 나와요""': 7}, {'""대화하기 좋아요""': 7}, {'""고기 질이 좋아요""': 5}, {'""환기가 잘 돼요""': 5}, {'""잡내가 적어요""': 4}, {'""음악이 좋아요""': 3}, {'""반찬이 잘 나와요""': 2}, {'""특별한 날 가기 좋아요""': 2}, {'""건강한 맛이에요""': 2}, {'""좌석이 편해요""': 1}, {'""아이와 가기 좋아요""': 1}, {'""야외공간이 멋져요""': 1}, {'""주차하기 편해요""': 1}, {'""반려동물과 가기 좋아요""': 1}, {'""비싼 만큼 가치있어요""': 1}, {'""오래 머무르기 좋아요""': 1}]"
24,하마,"백반,가정식","[{'""음식이 맛있어요""': 78}, {'""반찬이 잘 나와요""': 29}, {'""혼밥하기 좋아요""': 27}, {'""가성비가 좋아요""': 20}, {'""양이 많아요""': 16}, {'""재료가 신선해요""': 14}, {'""친절해요""': 13}, {'""매장이 넓어요""': 10}, {'""매장이 청결해요""': 4}, {'""인테리어가 멋져요""': 2}, {'""메뉴 구성이 알차요""': 2}, {'""특별한 날 가기 좋아요""': 2}, {'""단체모임 하기 좋아요""': 2}, {'""화장실이 깨끗해요""': 2}, {'""차분한 분위기에요""': 1}, {'""음식이 빨리 나와요""': 1}, {'""건강한 맛이에요""': 1}, {'""뷰가 좋아요""': 1}]"
25,쥬케로카페 숙대점,브런치카페,"[{'""커피가 맛있어요""': 118}, {'""디저트가 맛있어요""': 113}, {'""음료가 맛있어요""': 101}, {'""인테리어가 멋져요""': 75}, {'""특별한 메뉴가 있어요""': 73}, {'""대화하기 좋아요""': 42}, {'""친절해요""': 35}, {'""집중하기 좋아요""': 34}, {'""가성비가 좋아요""': 31}, {'""사진이 잘 나와요""': 29}, {'""매장이 청결해요""': 25}, {'""메뉴 구성이 알차요""': 8}, {'""음식이 맛있어요""': 7}, {'""매장이 넓어요""': 6}, {'""화장실이 깨끗해요""': 6}, {'""뷰가 좋아요""': 6}, {'""차분한 분위기에요""': 4}, {'""좌석이 편해요""': 4}, {'""건강한 맛이에요""': 4}, {'""아늑해요""': 3}, {'""재료가 신선해요""': 2}, {'""선물하기 좋아요""': 2}, {'""오래 머무르기 좋아요""': 2}, {'""빵이 맛있어요""': 1}, {'""컨셉이 독특해요""': 1}, {'""주차하기 편해요""': 1}, {'""단체모임 하기 좋아요""': 1}]"
26,몬스터플레이스,"카페,디저트","[{'""음식이 맛있어요""': 907}, {'""가성비가 좋아요""': 537}, {'""재료가 신선해요""': 522}, {'""특별한 메뉴가 있어요""': 514}, {'""혼밥하기 좋아요""': 392}, {'""친절해요""': 302}, {'""양이 많아요""': 292}, {'""디저트가 맛있어요""': 187}, {'""매장이 청결해요""': 171}, {'""건강한 맛이에요""': 99}, {'""커피가 맛있어요""': 58}, {'""매장이 넓어요""': 45}, {'""음료가 맛있어요""': 34}, {'""대화하기 좋아요""': 32}, {'""인테리어가 멋져요""': 30}, {'""메뉴 구성이 알차요""': 20}, {'""포장이 깔끔해요""': 20}, {'""좌석이 편해요""': 13}, {'""종류가 다양해요""': 9}, {'""뷰가 좋아요""': 9}, {'""집중하기 좋아요""': 8}, {'""빵이 맛있어요""': 6}, {'""특별한 날 가기 좋아요""': 6}, {'""화장실이 깨끗해요""': 6}, {'""아늑해요""': 5}, {'""음식이 빨리 나와요""': 5}, {'""주차하기 편해요""': 4}, {'""단체모임 하기 좋아요""': 4}, {'""사진이 잘 나와요""': 2}, {'""주문제작을 잘해줘요""': 1}, {'""혼술하기 좋아요""': 1}, {'""비싼 만큼 가치있어요""': 1}]"
27,킷테,카페,"[{'""인테리어가 멋져요""': 214}, {'""커피가 맛있어요""': 172}, {'""디저트가 맛있어요""': 106}, {'""뷰가 좋아요""': 96}, {'""사진이 잘 나와요""': 80}, {'""대화하기 좋아요""': 72}, {'""친절해요""': 63}, {'""음료가 맛있어요""': 60}, {'""매장이 청결해요""': 48}, {'""특별한 메뉴가 있어요""': 44}, {'""화장실이 깨끗해요""': 23}, {'""좌석이 편해요""': 20}, {'""집중하기 좋아요""': 13}, {'""야외공간이 멋져요""': 12}, {'""차분한 분위기에요""': 10}, {'""아늑해요""': 9}, {'""가성비가 좋아요""': 4}, {'""컨셉이 독특해요""': 3}, {'""음악이 좋아요""': 3}, {'""오래 머무르기 좋아요""': 2}, {'""비싼 만큼 가치있어요""': 1}, {'""매장이 넓어요""': 1}]"
28,숙대소반,한식,"[{'""음식이 맛있어요""': 196}, {'""가성비가 좋아요""': 118}, {'""혼밥하기 좋아요""': 113}, {'""양이 많아요""': 97}, {'""친절해요""': 71}, {'""특별한 메뉴가 있어요""': 18}, {'""매장이 넓어요""': 17}, {'""재료가 신선해요""': 16}, {'""매장이 청결해요""': 15}, {'""단체모임 하기 좋아요""': 6}, {'""메뉴 구성이 알차요""': 4}, {'""주차하기 편해요""': 4}, {'""특별한 날 가기 좋아요""': 4}, {'""인테리어가 멋져요""': 3}, {'""반찬이 잘 나와요""': 2}, {'""뷰가 좋아요""': 2}, {'""화장실이 깨끗해요""': 1}]"
29,카페 퓨엔테,"카페,디저트","[{'""커피가 맛있어요""': 50}, {'""디저트가 맛있어요""': 39}, {'""음료가 맛있어요""': 36}, {'""인테리어가 멋져요""': 27}, {'""친절해요""': 21}, {'""대화하기 좋아요""': 20}, {'""매장이 청결해요""': 19}, {'""좌석이 편해요""': 14}, {'""특별한 메뉴가 있어요""': 14}, {'""사진이 잘 나와요""': 10}, {'""집중하기 좋아요""': 5}, {'""뷰가 좋아요""': 4}, {'""화장실이 깨끗해요""': 3}, {'""차분한 분위기에요""': 1}, {'""아늑해요""': 1}, {'""가성비가 좋아요""': 1}, {'""오래 머무르기 좋아요""': 1}]"
30,카페나리나무,"카페,디저트","[{'""디저트가 맛있어요""': 128}, {'""친절해요""': 88}, {'""커피가 맛있어요""': 55}, {'""가성비가 좋아요""': 40}, {'""매장이 청결해요""': 39}, {'""특별한 메뉴가 있어요""': 37}, {'""음료가 맛있어요""': 34}, {'""대화하기 좋아요""': 25}, {'""인테리어가 멋져요""': 21}, {'""음식이 맛있어요""': 14}, {'""집중하기 좋아요""': 12}, {'""좌석이 편해요""': 8}, {'""빵이 맛있어요""': 7}, {'""메뉴 구성이 알차요""': 6}, {'""주문제작을 잘해줘요""': 5}, {'""재료가 신선해요""': 5}, {'""선물하기 좋아요""': 5}, {'""사진이 잘 나와요""': 5}, {'""화장실이 깨끗해요""': 5}, {'""아늑해요""': 4}, {'""뷰가 좋아요""': 4}, {'""건강한 맛이에요""': 3}, {'""포장이 깔끔해요""': 2}, {'""매장이 넓어요""': 2}, {'""비싼 만큼 가치있어요""': 1}, {'""특별한 날 가기 좋아요""': 1}]"
31,부암동치킨,"치킨,닭강정","[{'""음식이 맛있어요""': 197}, {'""친절해요""': 53}, {'""양이 많아요""': 51}, {'""재료가 신선해요""': 46}, {'""가성비가 좋아요""': 35}, {'""단체모임 하기 좋아요""': 31}, {'""특별한 메뉴가 있어요""': 28}, {'""매장이 청결해요""': 21}, {'""매장이 넓어요""': 17}, {'""인테리어가 멋져요""': 15}, {'""화장실이 깨끗해요""': 8}, {'""주차하기 편해요""': 4}, {'""특별한 날 가기 좋아요""': 4}, {'""아늑해요""': 3}, {'""혼밥하기 좋아요""': 3}, {'""메뉴 구성이 알차요""': 1}, {'""대화하기 좋아요""': 1}, {'""뷰가 좋아요""': 1}]"
32,스타벅스 숙대점,카페,"[{'""커피가 맛있어요""': 837}, {'""음료가 맛있어요""': 492}, {'""친절해요""': 484}, {'""디저트가 맛있어요""': 306}, {'""매장이 청결해요""': 245}, {'""집중하기 좋아요""': 232}, {'""대화하기 좋아요""': 205}, {'""좌석이 편해요""': 186}, {'""화장실이 깨끗해요""': 86}, {'""인테리어가 멋져요""': 83}, {'""특별한 메뉴가 있어요""': 77}, {'""뷰가 좋아요""': 59}, {'""가성비가 좋아요""': 58}, {'""사진이 잘 나와요""': 13}, {'""매장이 넓어요""': 10}, {'""주차하기 편해요""': 9}, {'""아늑해요""': 5}, {'""차분한 분위기에요""': 3}, {'""비싼 만큼 가치있어요""': 3}, {'""혼밥하기 좋아요""': 1}, {'""오래 머무르기 좋아요""': 1}, {'""단체모임 하기 좋아요""': 1}, {'""종류가 다양해요""': 1}]"
33,뜸들이다 숙대점,한식,"[{'""음식이 맛있어요""': 112}, {'""혼밥하기 좋아요""': 82}, {'""친절해요""': 34}, {'""가성비가 좋아요""': 31}, {'""특별한 메뉴가 있어요""': 27}, {'""매장이 청결해요""': 27}, {'""재료가 신선해요""': 20}, {'""양이 많아요""': 10}, {'""인테리어가 멋져요""': 3}, {'""반찬이 잘 나와요""': 1}, {'""매장이 넓어요""': 1}, {'""건강한 맛이에요""': 1}, {'""단체모임 하기 좋아요""': 1}]"
34,스택빈 숙대점,카페,"[{'""커피가 맛있어요""': 283}, {'""음료가 맛있어요""': 171}, {'""가성비가 좋아요""': 153}, {'""집중하기 좋아요""': 137}, {'""매장이 청결해요""': 115}, {'""디저트가 맛있어요""': 97}, {'""친절해요""': 95}, {'""좌석이 편해요""': 90}, {'""대화하기 좋아요""': 88}, {'""인테리어가 멋져요""': 65}, {'""특별한 메뉴가 있어요""': 37}, {'""뷰가 좋아요""': 15}, {'""화장실이 깨끗해요""': 14}, {'""매장이 넓어요""': 11}, {'""사진이 잘 나와요""': 10}, {'""차분한 분위기에요""': 5}, {'""아늑해요""': 4}, {'""오래 머무르기 좋아요""': 3}, {'""음식이 빨리 나와요""': 1}, {'""양이 많아요""': 1}, {'""주차하기 편해요""': 1}, {'""건강한 맛이에요""': 1}]"
35,더함,한식,"[{'""음식이 맛있어요""': 294}, {'""재료가 신선해요""': 152}, {'""단체모임 하기 좋아요""': 128}, {'""친절해요""': 116}, {'""매장이 넓어요""': 108}, {'""양이 많아요""': 91}, {'""가성비가 좋아요""': 89}, {'""특별한 메뉴가 있어요""': 71}, {'""매장이 청결해요""': 60}, {'""인테리어가 멋져요""': 47}, {'""특별한 날 가기 좋아요""': 36}, {'""건강한 맛이에요""': 34}, {'""메뉴 구성이 알차요""': 27}, {'""반찬이 잘 나와요""': 16}, {'""혼밥하기 좋아요""': 14}, {'""차분한 분위기에요""': 10}, {'""대화하기 좋아요""': 9}, {'""코스요리가 알차요""': 5}, {'""주차하기 편해요""': 5}, {'""아늑해요""': 3}, {'""룸이 잘 되어있어요""': 3}, {'""화장실이 깨끗해요""': 3}, {'""뷰가 좋아요""': 3}, {'""음식이 빨리 나와요""': 2}, {'""비싼 만큼 가치있어요""': 2}, {'""오래 머무르기 좋아요""': 2}, {'""잡내가 적어요""': 1}, {'""현지 맛에 가까워요""': 1}, {'""고기 질이 좋아요""': 1}]"
36,홍짜장 숙대점,중식당,"[{'""음식이 맛있어요""': 108}, {'""혼밥하기 좋아요""': 72}, {'""가성비가 좋아요""': 59}, {'""친절해요""': 43}, {'""양이 많아요""': 28}, {'""매장이 청결해요""': 28}, {'""재료가 신선해요""': 27}, {'""특별한 메뉴가 있어요""': 16}, {'""음식이 빨리 나와요""': 3}, {'""건강한 맛이에요""': 2}, {'""인테리어가 멋져요""': 1}, {'""잡내가 적어요""': 1}, {'""고기 질이 좋아요""': 1}, {'""포장이 깔끔해요""': 1}, {'""주차하기 편해요""': 1}, {'""매장이 넓어요""': 1}, {'""단체모임 하기 좋아요""': 1}, {'""화장실이 깨끗해요""': 1}, {'""뷰가 좋아요""': 1}]"
37,무모한초밥 숙명여대점,"초밥,롤","[{'""음식이 맛있어요""': 137}, {'""가성비가 좋아요""': 118}, {'""친절해요""': 80}, {'""혼밥하기 좋아요""': 59}, {'""재료가 신선해요""': 51}, {'""양이 많아요""': 49}, {'""매장이 청결해요""': 37}, {'""특별한 메뉴가 있어요""': 16}, {'""인테리어가 멋져요""': 4}, {'""매장이 넓어요""': 4}, {'""단체모임 하기 좋아요""': 2}, {'""뷰가 좋아요""': 2}, {'""특별한 날 가기 좋아요""': 1}, {'""화장실이 깨끗해요""': 1}]"
38,마시앤바시,양식,"[{'""음식이 맛있어요""': 172}, {'""특별한 메뉴가 있어요""': 81}, {'""친절해요""': 55}, {'""가성비가 좋아요""': 45}, {'""양이 많아요""': 37}, {'""인테리어가 멋져요""': 33}, {'""대화하기 좋아요""': 26}, {'""매장이 청결해요""': 18}, {'""재료가 신선해요""': 13}, {'""기본 안주가 좋아요""': 13}, {'""술이 다양해요""': 7}, {'""특별한 날 가기 좋아요""': 7}, {'""오래 머무르기 좋아요""': 7}, {'""아늑해요""': 3}, {'""단체모임 하기 좋아요""': 2}, {'""메뉴 구성이 알차요""': 1}, {'""음악이 좋아요""': 1}, {'""사진이 잘 나와요""': 1}, {'""뷰가 좋아요""': 1}]"
39,긴자료코 숙대점,돈가스,"[{'""음식이 맛있어요""': 753}, {'""양이 많아요""': 461}, {'""혼밥하기 좋아요""': 329}, {'""가성비가 좋아요""': 227}, {'""친절해요""': 192}, {'""재료가 신선해요""': 131}, {'""특별한 메뉴가 있어요""': 129}, {'""매장이 청결해요""': 57}, {'""인테리어가 멋져요""': 25}, {'""매장이 넓어요""': 13}, {'""단체모임 하기 좋아요""': 7}, {'""메뉴 구성이 알차요""': 6}, {'""특별한 날 가기 좋아요""': 5}, {'""뷰가 좋아요""': 5}, {'""아늑해요""': 4}, {'""주차하기 편해요""': 4}, {'""화장실이 깨끗해요""': 3}, {'""차분한 분위기에요""': 2}, {'""음식이 빨리 나와요""': 2}, {'""반찬이 잘 나와요""': 2}, {'""대화하기 좋아요""': 2}, {'""잡내가 적어요""': 1}, {'""고기 질이 좋아요""': 1}, {'""포장이 깔끔해요""': 1}, {'""사진이 잘 나와요""': 1}, {'""비싼 만큼 가치있어요""': 1}]"
40,홍곱창 숙명여대점,"곱창,막창,양","[{'""음식이 맛있어요""': 346}, {'""친절해요""': 110}, {'""특별한 메뉴가 있어요""': 83}, {'""가성비가 좋아요""': 65}, {'""양이 많아요""': 58}, {'""매장이 청결해요""': 41}, {'""재료가 신선해요""': 29}, {'""단체모임 하기 좋아요""': 20}, {'""특별한 날 가기 좋아요""': 14}, {'""고기 질이 좋아요""': 13}, {'""매장이 넓어요""': 13}, {'""혼밥하기 좋아요""': 11}, {'""직접 잘 구워줘요""': 8}, {'""잡내가 적어요""': 6}, {'""화장실이 깨끗해요""': 3}, {'""음식이 빨리 나와요""': 2}, {'""인테리어가 멋져요""': 2}, {'""메뉴 구성이 알차요""': 2}, {'""좌석이 편해요""': 1}, {'""아늑해요""': 1}, {'""뷰가 좋아요""': 1}]"
41,이자와 숙대점,일식당,"[{'""음식이 맛있어요""': 149}, {'""혼밥하기 좋아요""': 48}, {'""친절해요""': 47}, {'""특별한 메뉴가 있어요""': 34}, {'""재료가 신선해요""': 30}, {'""양이 많아요""': 19}, {'""매장이 청결해요""': 18}, {'""매장이 넓어요""': 11}, {'""가성비가 좋아요""': 9}, {'""인테리어가 멋져요""': 7}, {'""특별한 날 가기 좋아요""': 7}, {'""뷰가 좋아요""': 4}, {'""주차하기 편해요""': 3}, {'""단체모임 하기 좋아요""': 3}, {'""아늑해요""': 2}, {'""고기 질이 좋아요""': 2}, {'""메뉴 구성이 알차요""': 2}, {'""차분한 분위기에요""': 1}, {'""음식이 빨리 나와요""': 1}, {'""비싼 만큼 가치있어요""': 1}, {'""대화하기 좋아요""': 1}, {'""화장실이 깨끗해요""': 1}, {'""환기가 잘 돼요""': 1}]"
42,타코비 숙명여대점,일식당,"[{'""음식이 맛있어요""': 163}, {'""친절해요""': 78}, {'""가성비가 좋아요""': 38}, {'""재료가 신선해요""': 30}, {'""특별한 메뉴가 있어요""': 30}, {'""혼밥하기 좋아요""': 9}, {'""양이 많아요""': 9}, {'""매장이 청결해요""': 9}, {'""특별한 날 가기 좋아요""': 6}, {'""포장이 깔끔해요""': 3}, {'""직접 잘 구워줘요""': 3}, {'""음식이 빨리 나와요""': 2}, {'""인테리어가 멋져요""': 2}, {'""주차하기 편해요""': 2}, {'""화장실이 깨끗해요""': 2}, {'""매장이 넓어요""': 1}, {'""뷰가 좋아요""': 1}]"
43,와플하우스,와플,"[{'""디저트가 맛있어요""': 974}, {'""특별한 메뉴가 있어요""': 371}, {'""친절해요""': 223}, {'""음료가 맛있어요""': 173}, {'""가성비가 좋아요""': 169}, {'""매장이 청결해요""': 167}, {'""커피가 맛있어요""': 148}, {'""대화하기 좋아요""': 103}, {'""좌석이 편해요""': 65}, {'""인테리어가 멋져요""': 46}, {'""음식이 맛있어요""': 34}, {'""화장실이 깨끗해요""': 25}, {'""사진이 잘 나와요""': 16}, {'""집중하기 좋아요""': 12}, {'""아늑해요""': 10}, {'""빵이 맛있어요""': 9}, {'""메뉴 구성이 알차요""': 8}, {'""뷰가 좋아요""': 8}, {'""음식이 빨리 나와요""': 7}, {'""종류가 다양해요""': 6}, {'""매장이 넓어요""': 4}, {'""차분한 분위기에요""': 3}, {'""양이 많아요""': 3}, {'""건강한 맛이에요""': 3}, {'""재료가 신선해요""': 2}, {'""포장이 깔끔해요""': 2}, {'""주차하기 편해요""': 2}, {'""오래 머무르기 좋아요""': 2}, {'""단체모임 하기 좋아요""': 2}, {'""컨셉이 독특해요""': 1}, {'""혼밥하기 좋아요""': 1}, {'""아이와 가기 좋아요""': 1}, {'""음악이 좋아요""': 1}, {'""비싼 만큼 가치있어요""': 1}]"
44,비일,양식,"[{'""음식이 맛있어요""': 192}, {'""친절해요""': 89}, {'""특별한 메뉴가 있어요""': 84}, {'""재료가 신선해요""': 46}, {'""인테리어가 멋져요""': 34}, {'""양이 많아요""': 34}, {'""가성비가 좋아요""': 33}, {'""특별한 날 가기 좋아요""': 33}, {'""매장이 청결해요""': 22}, {'""단체모임 하기 좋아요""': 7}, {'""매장이 넓어요""': 5}, {'""화장실이 깨끗해요""': 5}, {'""아늑해요""': 3}, {'""혼밥하기 좋아요""': 3}, {'""대화하기 좋아요""': 3}, {'""차분한 분위기에요""': 2}, {'""음식이 빨리 나와요""': 2}, {'""비싼 만큼 가치있어요""': 2}, {'""주차하기 편해요""': 1}, {'""뷰가 좋아요""': 1}]"
45,베나레스 숙대점,인도음식,"[{'""음식이 맛있어요""': 1188}, {'""가성비가 좋아요""': 508}, {'""양이 많아요""': 477}, {'""매장이 넓어요""': 476}, {'""친절해요""': 294}, {'""재료가 신선해요""': 291}, {'""현지 맛에 가까워요""': 243}, {'""혼밥하기 좋아요""': 161}, {'""매장이 청결해요""': 145}, {'""인테리어가 멋져요""': 129}, {'""메뉴 구성이 알차요""': 108}, {'""특별한 메뉴가 있어요""': 86}, {'""단체모임 하기 좋아요""': 80}, {'""향신료가 강하지 않아요""': 66}, {'""아늑해요""': 34}, {'""건강한 맛이에요""': 33}, {'""차분한 분위기에요""': 26}, {'""음식이 빨리 나와요""': 21}, {'""특별한 날 가기 좋아요""': 21}, {'""화장실이 깨끗해요""': 15}, {'""뷰가 좋아요""': 15}, {'""주차하기 편해요""': 5}, {'""좌석이 편해요""': 4}, {'""코스요리가 알차요""': 3}, {'""아이와 가기 좋아요""': 2}, {'""야외공간이 멋져요""': 2}, {'""오래 머무르기 좋아요""': 2}, {'""비싼 만큼 가치있어요""': 1}]"
46,샤브로21 숙명여대,샤브샤브,"[{'""음식이 맛있어요""': 688}, {'""재료가 신선해요""': 522}, {'""혼밥하기 좋아요""': 447}, {'""인테리어가 멋져요""': 299}, {'""가성비가 좋아요""': 288}, {'""친절해요""': 283}, {'""매장이 청결해요""': 168}, {'""건강한 맛이에요""': 107}, {'""양이 많아요""': 70}, {'""아늑해요""': 68}, {'""메뉴 구성이 알차요""': 59}, {'""매장이 넓어요""': 50}, {'""특별한 메뉴가 있어요""': 38}, {'""차분한 분위기에요""': 37}, {'""화장실이 깨끗해요""': 9}, {'""음식이 빨리 나와요""': 8}, {'""반찬이 잘 나와요""': 8}, {'""고기 질이 좋아요""': 5}, {'""컨셉이 독특해요""': 4}, {'""대화하기 좋아요""': 4}, {'""단체모임 하기 좋아요""': 3}, {'""혼술하기 좋아요""': 2}, {'""집중하기 좋아요""': 2}, {'""술이 다양해요""': 1}, {'""좌석이 편해요""': 1}, {'""음료가 맛있어요""': 1}, {'""야외공간이 멋져요""': 1}, {'""포장이 깔끔해요""': 1}, {'""사진이 잘 나와요""': 1}, {'""비싼 만큼 가치있어요""': 1}, {'""룸이 잘 되어있어요""': 1}, {'""특별한 날 가기 좋아요""': 1}, {'""환기가 잘 돼요""': 1}]"
47,나폴리키친,피자,"[{'""음식이 맛있어요""': 333}, {'""가성비가 좋아요""': 152}, {'""친절해요""': 143}, {'""재료가 신선해요""': 103}, {'""양이 많아요""': 85}, {'""특별한 메뉴가 있어요""': 64}, {'""단체모임 하기 좋아요""': 44}, {'""인테리어가 멋져요""': 37}, {'""매장이 청결해요""': 27}, {'""특별한 날 가기 좋아요""': 25}, {'""뷰가 좋아요""': 22}, {'""매장이 넓어요""': 17}, {'""혼밥하기 좋아요""': 16}, {'""아늑해요""': 12}, {'""차분한 분위기에요""': 10}, {'""대화하기 좋아요""': 8}, {'""메뉴 구성이 알차요""': 7}, {'""음식이 빨리 나와요""': 3}, {'""건강한 맛이에요""': 3}, {'""코스요리가 알차요""': 2}, {'""현지 맛에 가까워요""': 2}, {'""음악이 좋아요""': 2}, {'""반찬이 잘 나와요""': 2}, {'""화장실이 깨끗해요""': 2}, {'""좌석이 편해요""': 1}, {'""아이와 가기 좋아요""': 1}, {'""직접 잘 구워줘요""': 1}]"
48,어바웃샤브 숙명여대점,샤브샤브,"[{'""음식이 맛있어요""': 232}, {'""재료가 신선해요""': 97}, {'""가성비가 좋아요""': 89}, {'""양이 많아요""': 69}, {'""친절해요""': 61}, {'""매장이 넓어요""': 31}, {'""단체모임 하기 좋아요""': 27}, {'""매장이 청결해요""': 19}, {'""혼밥하기 좋아요""': 17}, {'""특별한 메뉴가 있어요""': 16}, {'""특별한 날 가기 좋아요""': 8}, {'""화장실이 깨끗해요""': 8}, {'""건강한 맛이에요""': 3}, {'""인테리어가 멋져요""': 2}, {'""주차하기 편해요""': 2}, {'""좌석이 편해요""': 1}, {'""아늑해요""': 1}, {'""음식이 빨리 나와요""': 1}, {'""메뉴 구성이 알차요""': 1}, {'""뷰가 좋아요""': 1}]"
49,백채김치찌개 숙대입구점,"찌개,전골","[{'""음식이 맛있어요""': 257}, {'""양이 많아요""': 137}, {'""가성비가 좋아요""': 104}, {'""친절해요""': 76}, {'""재료가 신선해요""': 58}]"
50,본죽&비빔밥cafe 숙대입구역점,죽,"[{'""음식이 맛있어요""': 246}, {'""혼밥하기 좋아요""': 109}, {'""친절해요""': 105}, {'""양이 많아요""': 81}, {'""재료가 신선해요""': 75}]"
51,만나칼국수,"칼국수,만두","[{'""음식이 맛있어요""': 428}, {'""양이 많아요""': 191}, {'""재료가 신선해요""': 170}, {'""혼밥하기 좋아요""': 137}, {'""가성비가 좋아요""': 129}]"
52,교촌치킨 숙대점,"치킨,닭강정","[{'""음식이 맛있어요""': 372}, {'""매장이 넓어요""': 120}, {'""친절해요""': 96}, {'""매장이 청결해요""': 69}, {'""재료가 신선해요""': 56}]"
53,먼데이피크닉,"카페,디저트","[{'""디저트가 맛있어요""': 175}, {'""친절해요""': 59}, {'""특별한 메뉴가 있어요""': 58}, {'""인테리어가 멋져요""': 36}, {'""매장이 청결해요""': 30}]"
54,까치네분식,종합분식,"[{'""음식이 맛있어요""': 692}, {'""가성비가 좋아요""': 305}, {'""혼밥하기 좋아요""': 218}, {'""친절해요""': 208}, {'""양이 많아요""': 198}]"
55,메이드바이그레이스,샌드위치,"[{'""빵이 맛있어요""': 81}, {'""친절해요""': 72}, {'""특별한 메뉴가 있어요""': 60}, {'""커피가 맛있어요""': 35}, {'""매장이 청결해요""': 31}]"
56,버거인,햄버거,"[{'""음식이 맛있어요""': 402}, {'""재료가 신선해요""': 161}, {'""특별한 메뉴가 있어요""': 130}, {'""친절해요""': 112}, {'""혼밥하기 좋아요""': 85}]"
57,츄르츄르라멘,일본식라면,"[{'""음식이 맛있어요""': 350}, {'""혼밥하기 좋아요""': 166}, {'""가성비가 좋아요""': 114}, {'""친절해요""': 91}, {'""양이 많아요""': 68}]"
58,레이브피자,피자,"[{'""음식이 맛있어요""': 389}, {'""인테리어가 멋져요""': 265}, {'""친절해요""': 170}, {'""특별한 메뉴가 있어요""': 145}, {'""매장이 청결해요""': 131}]"
59,김밥2000,김밥,"[{'""음식이 맛있어요""': 69}, {'""가성비가 좋아요""': 31}, {'""친절해요""': 23}, {'""재료가 신선해요""': 21}, {'""양이 많아요""': 21}]"
60,꽃보다크레페,"카페,디저트","[{'""디저트가 맛있어요""': 90}, {'""친절해요""': 43}, {'""특별한 메뉴가 있어요""': 40}, {'""가성비가 좋아요""': 22}, {'""커피가 맛있어요""': 11}]"
61,굴다리소곱창,한식,"[{'""음식이 맛있어요""': 195}, {'""재료가 신선해요""': 59}, {'""친절해요""': 59}, {'""특별한 메뉴가 있어요""': 21}, {'""양이 많아요""': 16}]"
62,두리식당,한식,"[{'""음식이 맛있어요""': 43}, {'""가성비가 좋아요""': 31}, {'""양이 많아요""': 23}, {'""혼밥하기 좋아요""': 16}, {'""친절해요""': 15}]"
63,한입소반,김밥,"[{'""음식이 맛있어요""': 3077}, {'""특별한 메뉴가 있어요""': 1132}, {'""재료가 신선해요""': 892}, {'""양이 많아요""': 784}, {'""가성비가 좋아요""': 421}]"
64,산촌신쭈꾸미 숙대입구점,주꾸미요리,"[{'""음식이 맛있어요""': 172}, {'""혼밥하기 좋아요""': 40}, {'""재료가 신선해요""': 35}, {'""양이 많아요""': 34}, {'""가성비가 좋아요""': 33}]"
65,쌍대포소금구이 본점,돼지고기구이,"[{'""음식이 맛있어요""': 578}, {'""친절해요""': 198}, {'""특별한 메뉴가 있어요""': 172}, {'""고기 질이 좋아요""': 116}, {'""매장이 넓어요""': 114}]"
66,상록수,"육류,고기요리","[{'""음식이 맛있어요""': 666}, {'""특별한 메뉴가 있어요""': 373}, {'""고기 질이 좋아요""': 240}, {'""친절해요""': 201}, {'""재료가 신선해요""': 90}]"
67,스시 사이꼬,"초밥,롤","[{'""음식이 맛있어요""': 216}, {'""친절해요""': 82}, {'""재료가 신선해요""': 80}, {'""가성비가 좋아요""': 76}, {'""양이 많아요""': 56}]"
68,써브웨이 숙명여대점,샌드위치,"[{'""음식이 맛있어요""': 398}, {'""재료가 신선해요""': 264}, {'""혼밥하기 좋아요""': 159}, {'""양이 많아요""': 141}, {'""친절해요""': 125}]"
69,키보 에다마메,이자카야,"[{'""음식이 맛있어요""': 568}, {'""친절해요""': 298}, {'""인테리어가 멋져요""': 266}, {'""특별한 메뉴가 있어요""': 264}, {'""술이 다양해요""': 206}]"
70,별진화로구이,"육류,고기요리","[{'""음식이 맛있어요""': 503}, {'""친절해요""': 268}, {'""매장이 넓어요""': 209}, {'""고기 질이 좋아요""': 206}, {'""단체모임 하기 좋아요""': 175}]"
71,남영동양문 본점,"육류,고기요리","[{'""음식이 맛있어요""': 1569}, {'""고기 질이 좋아요""': 842}, {'""친절해요""': 734}, {'""특별한 메뉴가 있어요""': 615}, {'""가성비가 좋아요""': 573}]"
72,원동미나리삼겹살,"육류,고기요리","[{'""음식이 맛있어요""': 660}, {'""고기 질이 좋아요""': 276}, {'""가성비가 좋아요""': 234}, {'""특별한 메뉴가 있어요""': 222}, {'""양이 많아요""': 191}]"
73,다이빙룸,양식,"[{'""음식이 맛있어요""': 412}, {'""인테리어가 멋져요""': 372}, {'""친절해요""': 257}, {'""특별한 메뉴가 있어요""': 183}, {'""매장이 청결해요""': 153}]"
74,KFC 숙대입구점,햄버거,"[{'""음식이 맛있어요""': 1715}, {'""혼밥하기 좋아요""': 691}, {'""매장이 넓어요""': 688}, {'""가성비가 좋아요""': 646}, {'""친절해요""': 354}]"
75,이웃집영준이,요리주점,"[{'""음식이 맛있어요""': 149}, {'""특별한 메뉴가 있어요""': 71}, {'""술이 다양해요""': 65}, {'""친절해요""': 57}, {'""인테리어가 멋져요""': 52}]"
76,하노이별 숙대입구점,베트남음식,"[{'""음식이 맛있어요""': 304}, {'""양이 많아요""': 134}, {'""친절해요""': 127}, {'""재료가 신선해요""': 121}, {'""가성비가 좋아요""': 111}]"
77,철길우동까스,한식,"[{'""음식이 맛있어요""': 195}, {'""가성비가 좋아요""': 104}, {'""양이 많아요""': 94}, {'""친절해요""': 80}, {'""재료가 신선해요""': 52}]"
78,대관령목장,한식,"[{'""음식이 맛있어요""': 102}, {'""가성비가 좋아요""': 82}, {'""친절해요""': 48}, {'""양이 많아요""': 41}, {'""매장이 넓어요""': 39}]"
79,모토카레시,이자카야,"[{'""음식이 맛있어요""': 76}, {'""인테리어가 멋져요""': 52}, {'""가성비가 좋아요""': 51}, {'""술이 다양해요""': 48}, {'""특별한 메뉴가 있어요""': 41}]"
80,라이언스커피로스터스,"카페,디저트","[{'""커피가 맛있어요""': 95}, {'""친절해요""': 49}, {'""특별한 메뉴가 있어요""': 29}, {'""음료가 맛있어요""': 28}, {'""가성비가 좋아요""': 25}]"
81,구복만두,"칼국수,만두","[{'""음식이 맛있어요""': 1332}, {'""특별한 메뉴가 있어요""': 531}, {'""친절해요""': 472}, {'""재료가 신선해요""': 359}, {'""매장이 청결해요""': 276}]"
82,한강로칼국수,"칼국수,만두","[{'""음식이 맛있어요""': 717}, {'""양이 많아요""': 271}, {'""재료가 신선해요""': 250}, {'""특별한 메뉴가 있어요""': 239}, {'""친절해요""': 209}]"
83,더블랙웨일바,바(BAR),"[{'""음식이 맛있어요""': 67}, {'""인테리어가 멋져요""': 34}, {'""가성비가 좋아요""': 33}, {'""친절해요""': 32}, {'""술이 다양해요""': 27}]"
84,미드스트오브플로우,카페,"[{'""인테리어가 멋져요""': 124}, {'""커피가 맛있어요""': 99}, {'""디저트가 맛있어요""': 66}, {'""친절해요""': 59}, {'""음료가 맛있어요""': 55}]"
85,가든한밤,와인,"[{'""음식이 맛있어요""': 88}, {'""대화하기 좋아요""': 53}, {'""친절해요""': 52}, {'""음악이 좋아요""': 46}, {'""가성비가 좋아요""': 37}]"
86,솔티드 스모크,샌드위치,"[{'""음식이 맛있어요""': 38}, {'""재료가 신선해요""': 29}, {'""친절해요""': 19}, {'""양이 많아요""': 17}, {'""특별한 메뉴가 있어요""': 14}]"
87,Jesus Coffee,카페,"[{'""커피가 맛있어요""': 204}, {'""디저트가 맛있어요""': 125}, {'""친절해요""': 108}, {'""매장이 청결해요""': 72}, {'""대화하기 좋아요""': 68}]"
88,남산드럼통 본점,한식,"[{'""음식이 맛있어요""': 451}, {'""재료가 신선해요""': 189}, {'""가성비가 좋아요""': 188}, {'""친절해요""': 175}, {'""양이 많아요""': 126}]"
89,때가이르매,"카페,디저트","[{'""디저트가 맛있어요""': 394}, {'""커피가 맛있어요""': 286}, {'""인테리어가 멋져요""': 257}, {'""음료가 맛있어요""': 176}, {'""특별한 메뉴가 있어요""': 151}]"
90,경성빵공장 카스테라점,베이커리,"[{'""빵이 맛있어요""': 101}, {'""특별한 메뉴가 있어요""': 55}, {'""인테리어가 멋져요""': 51}, {'""커피가 맛있어요""': 46}, {'""음료가 맛있어요""': 30}]"
91,둘이파전,한식,"[{'""음식이 맛있어요""': 71}, {'""가성비가 좋아요""': 27}, {'""친절해요""': 26}, {'""재료가 신선해요""': 16}, {'""양이 많아요""': 8}]"
92,짚신매운갈비찜 숙대점,"육류,고기요리","[{'""음식이 맛있어요""': 686}, {'""친절해요""': 399}, {'""양이 많아요""': 242}, {'""매장이 청결해요""': 223}, {'""고기 질이 좋아요""': 181}]"
93,멘타미,일본식라면,"[{'""음식이 맛있어요""': 584}, {'""혼밥하기 좋아요""': 307}, {'""친절해요""': 225}, {'""특별한 메뉴가 있어요""': 203}, {'""매장이 청결해요""': 160}]"
94,탄막,요리주점,"[{'""음식이 맛있어요""': 14}, {'""술이 다양해요""': 9}, {'""친절해요""': 8}, {'""특별한 메뉴가 있어요""': 8}, {'""인테리어가 멋져요""': 6}]"
95,청기와타운 남영점,"육류,고기요리","[{'""음식이 맛있어요""': 846}, {'""친절해요""': 346}, {'""고기 질이 좋아요""': 255}, {'""매장이 청결해요""': 226}, {'""단체모임 하기 좋아요""': 207}]"
96,오복함흥냉면,냉면,"[{'""음식이 맛있어요""': 598}, {'""친절해요""': 202}, {'""매장이 청결해요""': 134}, {'""혼밥하기 좋아요""': 118}, {'""재료가 신선해요""': 102}]"
97,카페시바,퓨전음식,"[{'""음식이 맛있어요""': 361}, {'""특별한 메뉴가 있어요""': 223}, {'""재료가 신선해요""': 132}, {'""친절해요""': 128}, {'""인테리어가 멋져요""': 85}]"
98,하이퐁가든,베트남음식,"[{'""음식이 맛있어요""': 212}, {'""현지 맛에 가까워요""': 117}, {'""재료가 신선해요""': 103}, {'""친절해요""': 68}, {'""양이 많아요""': 66}]"
99,평화남영,요리주점,"[{'""음식이 맛있어요""': 367}, {'""특별한 메뉴가 있어요""': 176}, {'""인테리어가 멋져요""': 146}, {'""친절해요""': 97}, {'""술이 다양해요""': 69}]"
100,품계,닭갈비,"[{'""음식이 맛있어요""': 289}, {'""재료가 신선해요""': 143}, {'""친절해요""': 127}, {'""인테리어가 멋져요""': 111}, {'""매장이 청결해요""': 99}]"
101,온센 용산구점,일식당,"[{'""음식이 맛있어요""': 1419}, {'""친절해요""': 832}, {'""매장이 청결해요""': 757}, {'""재료가 신선해요""': 736}, {'""혼밥하기 좋아요""': 625}]"
102,틸데,"카페,디저트","[{'""디저트가 맛있어요""': 909}, {'""인테리어가 멋져요""': 822}, {'""커피가 맛있어요""': 661}, {'""친절해요""': 504}, {'""대화하기 좋아요""': 415}]"
103,구구,"백숙,삼계탕","[{'""음식이 맛있어요""': 133}, {'""친절해요""': 38}, {'""양이 많아요""': 31}, {'""고기 질이 좋아요""': 22}, {'""단체모임 하기 좋아요""': 21}]"
104,MUJABEE,"카페,디저트","[{'""커피가 맛있어요""': 141}, {'""음료가 맛있어요""': 75}, {'""인테리어가 멋져요""': 73}, {'""디저트가 맛있어요""': 67}, {'""대화하기 좋아요""': 60}]"
105,옛날감자전,한식,"[{'""음식이 맛있어요""': 152}, {'""특별한 메뉴가 있어요""': 44}, {'""친절해요""': 40}, {'""양이 많아요""': 32}, {'""가성비가 좋아요""': 25}]"
106,윤지식당,한식,"[{'""음식이 맛있어요""': 46}, {'""가성비가 좋아요""': 32}, {'""양이 많아요""': 22}, {'""친절해요""': 17}, {'""재료가 신선해요""': 11}]"
107,살팀보카,이탈리아음식,"[{'""음식이 맛있어요""': 252}, {'""특별한 메뉴가 있어요""': 135}, {'""인테리어가 멋져요""': 106}, {'""재료가 신선해요""': 103}, {'""친절해요""': 76}]"
108,남영탉,"치킨,닭강정","[{'""음식이 맛있어요""': 1260}, {'""특별한 메뉴가 있어요""': 997}, {'""친절해요""': 695}, {'""인테리어가 멋져요""': 460}, {'""재료가 신선해요""': 431}]"
109,소소라면 닭꼬치,"맥주,호프","[{'""음식이 맛있어요""': 252}, {'""가성비가 좋아요""': 144}, {'""특별한 메뉴가 있어요""': 89}, {'""혼밥하기 좋아요""': 86}, {'""친절해요""': 84}]"
110,없음 베이커리,베이커리,"[{'""빵이 맛있어요""': 32}, {'""친절해요""': 31}, {'""특별한 메뉴가 있어요""': 28}, {'""매장이 청결해요""': 25}, {'""음식이 맛있어요""': 24}]"
